{
    "code": 1,
    "message": "OK",
    "data": [
        {
            "id": 17,
            "isFullScreen": false,
            "isInside": false,
            "isTest": false,
            "title": "Developer",
            "image": "http://staticgs.sandboxol.com/sandbox/games/images/g1008-1706688542955.png",
            "url": "https://youtube.com",
            "version": 1.0
        },
        {
            "id": 18,
            "isFullScreen": true,
            "isInside": true,
            "isTest": false,
            "title": "Gamemods",
            "image": "http://staticgs.sandboxol.com/sandbox/games/images/g1008-1680592718962.png",
            "url": "https://youtube.com",
            "version": 1.0
        }
    ]
}