{
  "code": 1,
  "message": "SUCCESS",
  "data": [
    {
      "id": 7,
      "productId": "and.cubes.1",
      "type": "cube",
      "price": 0.99,
      "localPrice": null,
      "gift": 6,
      "name": "60魔方",
      "desc": "60魔方",
      "diamonds": 60,
      "garenaProductId": null,
      "gopId": null,
      "iconUrl": null,
      "firstPunchAmount": 60,
      "dayGcubeGift": 0,
      "dayGoldGift": 0,
      "dayBcubeGift": 0,
      "discount": 0,
      "dayRewards": null,
      "originalPrice": 0.0,
      "originalProductId": null,
      "vipExp": 0,
      "directUpLv": 0
    },
    {
      "id": 9,
      "productId": "and.cubes.10",
      "type": "cube",
      "price": 9.99,
      "localPrice": null,
      "gift": 180,
      "name": "600魔方",
      "desc": "600魔方",
      "diamonds": 660,
      "garenaProductId": null,
      "gopId": null,
      "iconUrl": null,
      "firstPunchAmount": 660,
      "dayGcubeGift": 0,
      "dayGoldGift": 0,
      "dayBcubeGift": 0,
      "discount": 0,
      "dayRewards": null,
      "originalPrice": 0.0,
      "originalProductId": null,
      "vipExp": 0,
      "directUpLv": 0
    },
    {
      "id": 10,
      "productId": "and.cubes.25",
      "type": "cube",
      "price": 24.99,
      "localPrice": null,
      "gift": 450,
      "name": "1650魔方",
      "desc": "1650魔方",
      "diamonds": 1800,
      "garenaProductId": null,
      "gopId": null,
      "iconUrl": null,
      "firstPunchAmount": 1800,
      "dayGcubeGift": 0,
      "dayGoldGift": 0,
      "dayBcubeGift": 0,
      "discount": 0,
      "dayRewards": null,
      "originalPrice": 0.0,
      "originalProductId": null,
      "vipExp": 0,
      "directUpLv": 0
    },
    {
      "id": 11,
      "productId": "and.cubes.50",
      "type": "cube",
      "price": 49.99,
      "localPrice": null,
      "gift": 1500,
      "name": "3600魔方",
      "desc": "1500魔方",
      "diamonds": 3900,
      "garenaProductId": null,
      "gopId": null,
      "iconUrl": null,
      "firstPunchAmount": 3900,
      "dayGcubeGift": 0,
      "dayGoldGift": 0,
      "dayBcubeGift": 0,
      "discount": 0,
      "dayRewards": null,
      "originalPrice": 0.0,
      "originalProductId": null,
      "vipExp": 0,
      "directUpLv": 0
    },
    {
      "id": 12,
      "productId": "and.cubes.100",
      "type": "cube",
      "price": 99.99,
      "localPrice": null,
      "gift": 3900,
      "name": "8400魔方",
      "desc": "3900魔方",
      "diamonds": 8400,
      "garenaProductId": null,
      "gopId": null,
      "iconUrl": null,
      "firstPunchAmount": 8400,
      "dayGcubeGift": 0,
      "dayGoldGift": 0,
      "dayBcubeGift": 0,
      "discount": 0,
      "dayRewards": null,
      "originalPrice": 0.0,
      "originalProductId": null,
      "vipExp": 0,
      "directUpLv": 0
    }
  ],
  "other": null
}