{
"code": 1,
  "message": "SUCCESS",
  "data": {
    "gameId": "g1008",
    "gameTitle": "Custom Game",
    "bannerPic": [
      "http://static.sandboxol.com/sandbox/games/images/g1008-1597204672185.png"
    ],
    "gameDetail": "Blocky Cheaters",
    "praiseNumber": 4674196.0,
    "gameCoverPic": "http://staticgs.sandboxol.com/sandbox/games/images/g1008-1684547322902.png",
    "gameCoverPicOne": null,
    "gameCoverPicFour": null,
    "loadingPic": null,
    "gameTypes": [
      "Action"
    ],
    "tags": [],
    "isPublish": 1,
    "visitorEnter": 1,
    "version": 0,
    "engineVersion": 0,
    "warmUpResponse": {
      "gameId": "g2065",
      "gameTitle": "Custom Game",
      "gameCoverPic": "http://staticgs.sandboxol.com/sandbox/games/images/g1008-1684547322902.png",
      "bannerPic": [
        "http://static.sandboxol.com/sandbox/games/images/g1008-1597204672185.png"
      ],
      "gameDetail": "q",
      "isPublish": 1,
      "images": [
        "http://static.sandboxol.com/sandbox/games/images/g1008.图片2.1554886456475.png",
        "http://static.sandboxol.com/sandbox/games/images/g1008.图片1.1554886456434.png",
        "http://static.sandboxol.com/sandbox/games/images/g1008.图片3.1554886456989.png"
      ],
      "featuredPlay": [
        {
          "id": 24470,
          "picUrl": "http://static.sandboxol.com/sandbox/games/images/g1008.1.1554886607696.png",
          "describe": "1. Describe"
        },
        {
          "id": 24471,
          "picUrl": "http://static.sandboxol.com/sandbox/games/images/g1008.2.1554887054892.png",
          "describe": "2. Only pickaxe, axe, and scissors can destroy enemies\u0027 beds. The team without bed cannot respawn."
        },
        {
          "id": 24472,
          "picUrl": "http://static.sandboxol.com/sandbox/games/images/g1008.3.1554887176683.png",
          "describe": "3. You can buy props with silvers, golds and emeralds in the store."
        },
        {
          "id": 24473,
          "picUrl": "http://static.sandboxol.com/sandbox/games/images/g1008.4.1554887325064.png",
          "describe": "4. Upgrading equipment at the store will cost diamonds."
        },
        {
          "id": 24474,
          "picUrl": "http://static.sandboxol.com/sandbox/games/images/g1008.5.1554887396671.png",
          "describe": "5. There are some advanced props and privilege in the Bcubes store."
        },
        {
          "id": 24475,
          "picUrl": "http://static.sandboxol.com/sandbox/games/images/g1008.6.1554887472320.png",
          "describe": "6. Sponge can absorb all water."
        },
        {
          "id": 24476,
          "picUrl": "http://static.sandboxol.com/sandbox/games/images/g1008.7.1554887506888.png",
          "describe": "7. Obsidian can only be destroyed by diamond pickaxes."
        },
        {
          "id": 24477,
          "picUrl": "http://static.sandboxol.com/sandbox/games/images/g1008.8.1554887532771.png",
          "describe": "8. Eating the gold apple can help you restore HP and get extra HP for only a while."
        }
      ]
    },
    "isShopOnline": 1,
    "isRankOnline": 1,
    "isNewEngine": 0,
    "isUgcGame": 0,
    "gameUgcType": "unknown",
    "isOpenParty": 1,
    "partyMaxMembers": 4,
    "gamePayInfo": null,
    "isPay": 0,
    "turntableStatus": 0,
    "turntableRemainCount": 0,
    "gameBannerVideoInfos": [
      {
        "id": 1732,
        "titles": {
          "zh_TW": "点击加入 BedWars 的 Discord 服务器！",
          "en_US": "Click to join BedWars’s Discord server",
          "zh_CN": "点击加入 BedWars 的 Discord 服务器"
        },
        "image": "http://staticgs.sandboxol.com/sandbox/games/images/g1008-1706688542955.png",
        "url": "https://discord.gg/r7X8rmhRAY",
        "version": 0,
        "sort": 0,
        "webview": true,
        "fullScreen": false,
        "test": false,
        "inside": true
      },
      {
        "id": 1713,
        "titles": {},
        "image": "http://staticgs.sandboxol.com/sandbox/games/images/g1008-1680592718962.png",
        "url": "https://www.youtube.com/embed/AuZJzu8mjNs?si\u003dMLuQh4B2yblM5Lov",
        "version": 0,
        "sort": 1,
        "webview": true,
        "fullScreen": false,
        "test": false,
        "inside": false
      }
    ],
    "realPlayGameList": [
      {
        "gameId": "g1008",
        "gameName": "Bed Wars"
      }
    ],
    "latestResVersions": null,
    "isHall": 0,
    "isFastStart": 1,
    "gameFastStartModeConfigResponses": [
      {
        "gameId": "g1008",
        "gameModeName": null,
        "gameMode": null,
        "gameCategory": "team",
        "friendFollowSwitch": 1,
        "maxViewer": 20,
        "joinMode": 0,
        "partyStatus": 1,
        "publicMaxMembers": 4,
        "maxVisitors": 0,
        "orientationEnabled": 0,
        "manorEnabled": 0,
        "publicMinStart": 2,
        "privateMinStart": 2,
        "minPartySupportedAppVersion": 0,
        "fastStart": 1,
        "isHall": 0,
        "memberMax": 16,
        "teamNum": 4,
        "teamMem": 4,
        "language": null,
        "bannerPic": null,
        "gameDetail": null,
        "weight": 0,
        "gameCenter": 0,
        "bigPartyMinStart": null
      }
    ],
    "gamePartyModeConfigResponses": [
      {
        "gameId": "g1008",
        "gameModeName": null,
        "gameMode": null,
        "gameCategory": "team",
        "friendFollowSwitch": 1,
        "maxViewer": 20,
        "joinMode": 0,
        "partyStatus": 1,
        "publicMaxMembers": 4,
        "maxVisitors": 0,
        "orientationEnabled": 0,
        "manorEnabled": 0,
        "publicMinStart": 2,
        "privateMinStart": 2,
        "minPartySupportedAppVersion": 0,
        "fastStart": 1,
        "isHall": 0,
        "memberMax": 16,
        "teamNum": 4,
        "teamMem": 4,
        "language": null,
        "bannerPic": null,
        "gameDetail": null,
        "weight": 0,
        "gameCenter": 0,
        "bigPartyMinStart": null
      }
    ],
    "gameHallModeConfigResponses": null,
    "editUrl": null,
    "likeType": 0,
    "likeability": "90%",
    "likeNum": 11738653,
    "commentList": [
      {
        "nickName": ".____NoobsPro...",
        "content": "Its cool and good game. I was loving to play this game. Its have lots cool things inside and y can buy anything in the shop at anywhere.Besides, you can also earn keys 🔑 and lucky draw to get good runes such as leaching. Bed wars also have solo and duo. This game also include sword skins, tools skin which is cool when playing bed wars. I hope my rewiew has helping you to play bed wars.Its really a good game."
      }
    ],
    "commentable": 1,
    "onlineNumber": 23525,
    "isGroup": 1,
    "ramRequire": 0,
    "androidRamRequire": 0,
    "publishRegion": "regionALL",
    "pcVersion": 0,
    "unitId": null,
    "unzipFlag": 1,
    "gameRecommendedList": [
      {
        "gameId": "g1018",
        "gameTitle": "Egg War",
        "praiseNumber": 1851999,
        "gameCoverPic": "http://staticgs.sandboxol.com/sandbox/games/images/g1018-1658314282462.png",
        "gameCoverPicOne": null,
        "gameCoverPicFour": null,
        "gameTypes": [
          "Action"
        ],
        "tags": null,
        "onlineNumber": 6871,
        "complexNum": 0,
        "createTime": 1527048550000,
        "isNewEngine": 0,
        "isUgcGame": 0,
        "engineVersion": 0,
        "likeability": "90%",
        "ramRequire": 0,
        "androidRamRequire": 0,
        "publishRegion": "regionALL",
        "pcVersion": 0,
        "ramUserWhiteList": "",
        "isCommand": 0,
        "isVipPrivilegeGame": 1,
        "vipPrivilegeDesc": null,
        "svipPrivilegeDesc": null,
        "engineType": 0
      }
    ],
    "gameAdPositionMap": {
      "100801": "ca-app-pub-4544079876150612/1675327871",
      "100806": "ca-app-pub-4544079876150612/8720082520",
      "104601": "ca-app-pub-4544079876150612/3585237541",
      "100809": "ca-app-pub-4544079876150612/7716054246"
    },
    "ugcTestFlag": 0,
    "iosOnline": 1,
    "ramUserWhiteList": "",
    "startParams": null,
    "isVipPrivilegeGame": 0,
    "isSvipPrivilegeGame": 0,
    "vipPrivilegeDesc": null,
    "svipPrivilegeDesc": null,
    "engineType": 0,
    "authorInfo": {
      "teamId": 6823,
      "userId": 999,
      "nickName": "GreenBMGO",
      "headPic": "https://cdn.discordapp.com/avatars/1094920973611958343/e24b3edc386a967df1fee0e46ceea708.webp?size=2048",
      "isTeam": 1,
      "isAddFriend": 1
    },
    "showEditTools": false,
    "appreciate": false,
    "newPlayer": true
  },
  "other": null
    }
 