{
  "code": 1,
  "message": "SUCCESS",
  "data": {
    "gameId": "g2077",
    "gameTitle": "BMG Football",
    "bannerPic": [
      "http://staticgs.sandboxol.com/sandbox/games/images/g2065-1669711350924.png"
    ],
    "gameDetail": "Become a professional footballer and play great games with solid techniques on the pitch. Become cooperative teammates with online players and win the highest horror championship trophy!",
    "praiseNumber": 364.0,
    "gameCoverPic": "http://staticgs.sandboxol.com/sandbox/games/images/g2065-1669711253403.png",
    "gameCoverPicOne": null,
    "gameCoverPicFour": null,
    "loadingPic": null,
    "gameTypes": [],
    "tags": [],
    "isPublish": 1,
    "visitorEnter": 1,
    "version": 467,
    "engineVersion": 10037,
    "warmUpResponse": {
      "gameId": "g2077",
      "gameTitle": "BMG Football",
      "gameCoverPic": "http://staticgs.sandboxol.com/sandbox/games/images/g2065-1669711253403.png",
      "bannerPic": [
        "http://staticgs.sandboxol.com/sandbox/games/images/g2065-1669711350924.png"
      ],
      "gameDetail": "Become a professional footballer and play great games with solid techniques on the pitch. Become cooperative teammates with online players and win the highest horror championship trophy!",
      "isPublish": 1,
      "images": [],
      "featuredPlay": []
    },
    "isShopOnline": 0,
    "isRankOnline": 0,
    "isNewEngine": 1,
    "isUgcGame": 0,
    "gameUgcType": "unknown",
    "isOpenParty": 1,
    "partyMaxMembers": 0,
    "gamePayInfo": null,
    "isPay": 0,
    "turntableStatus": 0,
    "turntableRemainCount": 0,
    "gameBannerVideoInfos": [],
    "realPlayGameList": [
      {
        "gameId": "g2065",
        "gameName": "BMG Football"
      }
    ],
    "latestResVersions": null,
    "isHall": 0,
    "isFastStart": 1,
    "gameFastStartModeConfigResponses": [
      {
        "gameId": "g2065",
        "gameModeName": null,
        "gameMode": null,
        "gameCategory": "default",
        "friendFollowSwitch": 1,
        "maxViewer": 0,
        "joinMode": 0,
        "partyStatus": 1,
        "publicMaxMembers": 4,
        "maxVisitors": 0,
        "orientationEnabled": 0,
        "manorEnabled": 0,
        "publicMinStart": 2,
        "privateMinStart": 2,
        "minPartySupportedAppVersion": 0,
        "fastStart": 1,
        "isHall": 0,
        "memberMax": 30,
        "teamNum": 0,
        "teamMem": 0,
        "language": null,
        "bannerPic": null,
        "gameDetail": null,
        "weight": 0,
        "gameCenter": 0,
        "bigPartyMinStart": 0
      }
    ],
    "gamePartyModeConfigResponses": [
      {
        "gameId": "g2065",
        "gameModeName": null,
        "gameMode": null,
        "gameCategory": "default",
        "friendFollowSwitch": 1,
        "maxViewer": 0,
        "joinMode": 0,
        "partyStatus": 1,
        "publicMaxMembers": 4,
        "maxVisitors": 0,
        "orientationEnabled": 0,
        "manorEnabled": 0,
        "publicMinStart": 2,
        "privateMinStart": 2,
        "minPartySupportedAppVersion": 0,
        "fastStart": 1,
        "isHall": 0,
        "memberMax": 30,
        "teamNum": 0,
        "teamMem": 0,
        "language": null,
        "bannerPic": null,
        "gameDetail": null,
        "weight": 0,
        "gameCenter": 0,
        "bigPartyMinStart": 0
      }
    ],
    "gameHallModeConfigResponses": null,
    "editUrl": null,
    "likeType": 0,
    "likeability": "75%",
    "likeNum": 95789,
    "commentList": [],
    "commentable": 1,
    "onlineNumber": 103,
    "isGroup": 0,
    "ramRequire": 0,
    "androidRamRequire": 0,
    "publishRegion": "regionALL",
    "pcVersion": 0,
    "unitId": "",
    "unzipFlag": 0,
    "gameRecommendedList": null,
    "gameAdPositionMap": {},
    "ugcTestFlag": 0,
    "iosOnline": 1,
    "ramUserWhiteList": "",
    "startParams": null,
    "isVipPrivilegeGame": 0,
    "isSvipPrivilegeGame": 0,
    "vipPrivilegeDesc": null,
    "svipPrivilegeDesc": null,
    "engineType": 0,
    "authorInfo": {
      "teamId": 6823,
      "userId": 17,
      "nickName": "GreenBMGO",
      "headPic": "https://cdn.discordapp.com/avatars/1094920973611958343/e24b3edc386a967df1fee0e46ceea708.webp?size=2048",
      "isTeam": 1,
      "isAddFriend": 1
    },
    "showEditTools": false,
    "newPlayer": false,
    "appreciate": true
  },
  "other": null
}